individual,agrovoc_iri,match_type
Armyworm,,
Bacterial_Leaf_Blight,,
Bacterial_Leaf_Streak,,
Bacterial_Panicle_Blight,,
Brown_Lesion,,
Brown_Spot,,
Chewed_Leaf,,
Critical_Severity,,
Deadheart,,
Dry_Leaf_Tip,,
Empty_Grain,,
Excessive_Nitrogen,,
Field_Inspection,,
Harvest_Stage,,
High_Severity,,
Hispa,,
Hopper_Burn,,
Immediate_Intervention,,
Leaf_Rolling,,
Low_Severity,,
Maturity_Stage,,
Medium_Severity,,
No_Action_Needed,,
Normal_Health,,
Preventive_Action,,
Resistant_Variety,,
Rice_Bug,,
Sheath_Blight,,
Stem_Rot_Symptom,,
Yellow_Leaf,,
