individual_iri,image_path,ground_truth_label,symptom_iris
http://www.semanticweb.org/arifu/ontologies/2026/3/riceMMKG#PaddyDoctor_bacterial_leaf_blight_102617,Data/PaddyDoctor/bacterial_leaf_blight/102617.jpg,bacterial_leaf_blight,
http://www.semanticweb.org/arifu/ontologies/2026/3/riceMMKG#PaddyDoctor_bacterial_leaf_blight_109669,Data/PaddyDoctor/bacterial_leaf_blight/109669.jpg,bacterial_leaf_blight,
http://www.semanticweb.org/arifu/ontologies/2026/3/riceMMKG#PaddyDoctor_bacterial_leaf_blight_104092,Data/PaddyDoctor/bacterial_leaf_blight/104092.jpg,bacterial_leaf_blight,
http://www.semanticweb.org/arifu/ontologies/2026/3/riceMMKG#PaddyDoctor_bacterial_leaf_blight_105008,Data/PaddyDoctor/bacterial_leaf_blight/105008.jpg,bacterial_leaf_blight,
http://www.semanticweb.org/arifu/ontologies/2026/3/riceMMKG#PaddyDoctor_bacterial_leaf_blight_102038,Data/PaddyDoctor/bacterial_leaf_blight/102038.jpg,bacterial_leaf_blight,
http://www.semanticweb.org/arifu/ontologies/2026/3/riceMMKG#PaddyDoctor_bacterial_leaf_blight_109289,Data/PaddyDoctor/bacterial_leaf_blight/109289.jpg,bacterial_leaf_blight,
http://www.semanticweb.org/arifu/ontologies/2026/3/riceMMKG#PaddyDoctor_bacterial_leaf_blight_107064,Data/PaddyDoctor/bacterial_leaf_blight/107064.jpg,bacterial_leaf_blight,
http://www.semanticweb.org/arifu/ontologies/2026/3/riceMMKG#PaddyDoctor_bacterial_leaf_blight_101004,Data/PaddyDoctor/bacterial_leaf_blight/101004.jpg,bacterial_leaf_blight,
http://www.semanticweb.org/arifu/ontologies/2026/3/riceMMKG#PaddyDoctor_bacterial_leaf_blight_107547,Data/PaddyDoctor/bacterial_leaf_blight/107547.jpg,bacterial_leaf_blight,
http://www.semanticweb.org/arifu/ontologies/2026/3/riceMMKG#PaddyDoctor_bacterial_leaf_blight_101169,Data/PaddyDoctor/bacterial_leaf_blight/101169.jpg,bacterial_leaf_blight,
http://www.semanticweb.org/arifu/ontologies/2026/3/riceMMKG#PaddyDoctor_bacterial_leaf_blight_105046,Data/PaddyDoctor/bacterial_leaf_blight/105046.jpg,bacterial_leaf_blight,
http://www.semanticweb.org/arifu/ontologies/2026/3/riceMMKG#PaddyDoctor_bacterial_leaf_blight_102062,Data/PaddyDoctor/bacterial_leaf_blight/102062.jpg,bacterial_leaf_blight,
http://www.semanticweb.org/arifu/ontologies/2026/3/riceMMKG#PaddyDoctor_bacterial_leaf_blight_108150,Data/PaddyDoctor/bacterial_leaf_blight/108150.jpg,bacterial_leaf_blight,
http://www.semanticweb.org/arifu/ontologies/2026/3/riceMMKG#PaddyDoctor_bacterial_leaf_blight_108974,Data/PaddyDoctor/bacterial_leaf_blight/108974.jpg,bacterial_leaf_blight,
http://www.semanticweb.org/arifu/ontologies/2026/3/riceMMKG#PaddyDoctor_bacterial_leaf_blight_105426,Data/PaddyDoctor/bacterial_leaf_blight/105426.jpg,bacterial_leaf_blight,
http://www.semanticweb.org/arifu/ontologies/2026/3/riceMMKG#PaddyDoctor_bacterial_leaf_blight_105851,Data/PaddyDoctor/bacterial_leaf_blight/105851.jpg,bacterial_leaf_blight,
http://www.semanticweb.org/arifu/ontologies/2026/3/riceMMKG#PaddyDoctor_bacterial_leaf_blight_104271,Data/PaddyDoctor/bacterial_leaf_blight/104271.jpg,bacterial_leaf_blight,
http://www.semanticweb.org/arifu/ontologies/2026/3/riceMMKG#PaddyDoctor_bacterial_leaf_blight_108396,Data/PaddyDoctor/bacterial_leaf_blight/108396.jpg,bacterial_leaf_blight,
http://www.semanticweb.org/arifu/ontologies/2026/3/riceMMKG#PaddyDoctor_bacterial_leaf_blight_108353,Data/PaddyDoctor/bacterial_leaf_blight/108353.jpg,bacterial_leaf_blight,
http://www.semanticweb.org/arifu/ontologies/2026/3/riceMMKG#PaddyDoctor_bacterial_leaf_blight_102738,Data/PaddyDoctor/bacterial_leaf_blight/102738.jpg,bacterial_leaf_blight,
http://www.semanticweb.org/arifu/ontologies/2026/3/riceMMKG#PaddyDoctor_bacterial_leaf_blight_102167,Data/PaddyDoctor/bacterial_leaf_blight/102167.jpg,bacterial_leaf_blight,
http://www.semanticweb.org/arifu/ontologies/2026/3/riceMMKG#PaddyDoctor_bacterial_leaf_blight_100330,Data/PaddyDoctor/bacterial_leaf_blight/100330.jpg,bacterial_leaf_blight,
http://www.semanticweb.org/arifu/ontologies/2026/3/riceMMKG#PaddyDoctor_bacterial_leaf_blight_109275,Data/PaddyDoctor/bacterial_leaf_blight/109275.jpg,bacterial_leaf_blight,
http://www.semanticweb.org/arifu/ontologies/2026/3/riceMMKG#PaddyDoctor_bacterial_leaf_blight_101718,Data/PaddyDoctor/bacterial_leaf_blight/101718.jpg,bacterial_leaf_blight,
http://www.semanticweb.org/arifu/ontologies/2026/3/riceMMKG#PaddyDoctor_bacterial_leaf_blight_103323,Data/PaddyDoctor/bacterial_leaf_blight/103323.jpg,bacterial_leaf_blight,
http://www.semanticweb.org/arifu/ontologies/2026/3/riceMMKG#PaddyDoctor_bacterial_leaf_streak_100764,Data/PaddyDoctor/bacterial_leaf_streak/100764.jpg,bacterial_leaf_streak,
http://www.semanticweb.org/arifu/ontologies/2026/3/riceMMKG#PaddyDoctor_bacterial_leaf_streak_107736,Data/PaddyDoctor/bacterial_leaf_streak/107736.jpg,bacterial_leaf_streak,
http://www.semanticweb.org/arifu/ontologies/2026/3/riceMMKG#PaddyDoctor_bacterial_leaf_streak_101738,Data/PaddyDoctor/bacterial_leaf_streak/101738.jpg,bacterial_leaf_streak,
http://www.semanticweb.org/arifu/ontologies/2026/3/riceMMKG#PaddyDoctor_bacterial_leaf_streak_104622,Data/PaddyDoctor/bacterial_leaf_streak/104622.jpg,bacterial_leaf_streak,
http://www.semanticweb.org/arifu/ontologies/2026/3/riceMMKG#PaddyDoctor_bacterial_leaf_streak_109210,Data/PaddyDoctor/bacterial_leaf_streak/109210.jpg,bacterial_leaf_streak,
http://www.semanticweb.org/arifu/ontologies/2026/3/riceMMKG#PaddyDoctor_bacterial_leaf_streak_108486,Data/PaddyDoctor/bacterial_leaf_streak/108486.jpg,bacterial_leaf_streak,
http://www.semanticweb.org/arifu/ontologies/2026/3/riceMMKG#PaddyDoctor_bacterial_leaf_streak_105894,Data/PaddyDoctor/bacterial_leaf_streak/105894.jpg,bacterial_leaf_streak,
http://www.semanticweb.org/arifu/ontologies/2026/3/riceMMKG#PaddyDoctor_bacterial_leaf_streak_103843,Data/PaddyDoctor/bacterial_leaf_streak/103843.jpg,bacterial_leaf_streak,
http://www.semanticweb.org/arifu/ontologies/2026/3/riceMMKG#PaddyDoctor_bacterial_leaf_streak_103793,Data/PaddyDoctor/bacterial_leaf_streak/103793.jpg,bacterial_leaf_streak,
http://www.semanticweb.org/arifu/ontologies/2026/3/riceMMKG#PaddyDoctor_bacterial_leaf_streak_101320,Data/PaddyDoctor/bacterial_leaf_streak/101320.jpg,bacterial_leaf_streak,
http://www.semanticweb.org/arifu/ontologies/2026/3/riceMMKG#PaddyDoctor_bacterial_leaf_streak_102325,Data/PaddyDoctor/bacterial_leaf_streak/102325.jpg,bacterial_leaf_streak,
http://www.semanticweb.org/arifu/ontologies/2026/3/riceMMKG#PaddyDoctor_bacterial_leaf_streak_104620,Data/PaddyDoctor/bacterial_leaf_streak/104620.jpg,bacterial_leaf_streak,
http://www.semanticweb.org/arifu/ontologies/2026/3/riceMMKG#PaddyDoctor_bacterial_leaf_streak_104005,Data/PaddyDoctor/bacterial_leaf_streak/104005.jpg,bacterial_leaf_streak,
http://www.semanticweb.org/arifu/ontologies/2026/3/riceMMKG#PaddyDoctor_bacterial_leaf_streak_109794,Data/PaddyDoctor/bacterial_leaf_streak/109794.jpg,bacterial_leaf_streak,
http://www.semanticweb.org/arifu/ontologies/2026/3/riceMMKG#PaddyDoctor_bacterial_leaf_streak_104872,Data/PaddyDoctor/bacterial_leaf_streak/104872.jpg,bacterial_leaf_streak,
http://www.semanticweb.org/arifu/ontologies/2026/3/riceMMKG#PaddyDoctor_bacterial_leaf_streak_107409,Data/PaddyDoctor/bacterial_leaf_streak/107409.jpg,bacterial_leaf_streak,
http://www.semanticweb.org/arifu/ontologies/2026/3/riceMMKG#PaddyDoctor_bacterial_leaf_streak_109496,Data/PaddyDoctor/bacterial_leaf_streak/109496.jpg,bacterial_leaf_streak,
http://www.semanticweb.org/arifu/ontologies/2026/3/riceMMKG#PaddyDoctor_bacterial_leaf_streak_107219,Data/PaddyDoctor/bacterial_leaf_streak/107219.jpg,bacterial_leaf_streak,
http://www.semanticweb.org/arifu/ontologies/2026/3/riceMMKG#PaddyDoctor_bacterial_leaf_streak_100105,Data/PaddyDoctor/bacterial_leaf_streak/100105.jpg,bacterial_leaf_streak,
http://www.semanticweb.org/arifu/ontologies/2026/3/riceMMKG#PaddyDoctor_bacterial_leaf_streak_101316,Data/PaddyDoctor/bacterial_leaf_streak/101316.jpg,bacterial_leaf_streak,
http://www.semanticweb.org/arifu/ontologies/2026/3/riceMMKG#PaddyDoctor_bacterial_leaf_streak_103054,Data/PaddyDoctor/bacterial_leaf_streak/103054.jpg,bacterial_leaf_streak,
http://www.semanticweb.org/arifu/ontologies/2026/3/riceMMKG#PaddyDoctor_bacterial_leaf_streak_109962,Data/PaddyDoctor/bacterial_leaf_streak/109962.jpg,bacterial_leaf_streak,
http://www.semanticweb.org/arifu/ontologies/2026/3/riceMMKG#PaddyDoctor_bacterial_leaf_streak_100042,Data/PaddyDoctor/bacterial_leaf_streak/100042.jpg,bacterial_leaf_streak,
http://www.semanticweb.org/arifu/ontologies/2026/3/riceMMKG#PaddyDoctor_bacterial_leaf_streak_109623,Data/PaddyDoctor/bacterial_leaf_streak/109623.jpg,bacterial_leaf_streak,
http://www.semanticweb.org/arifu/ontologies/2026/3/riceMMKG#PaddyDoctor_bacterial_leaf_streak_102462,Data/PaddyDoctor/bacterial_leaf_streak/102462.jpg,bacterial_leaf_streak,
http://www.semanticweb.org/arifu/ontologies/2026/3/riceMMKG#PaddyDoctor_bacterial_panicle_blight_106686,Data/PaddyDoctor/bacterial_panicle_blight/106686.jpg,bacterial_panicle_blight,
http://www.semanticweb.org/arifu/ontologies/2026/3/riceMMKG#PaddyDoctor_bacterial_panicle_blight_108920,Data/PaddyDoctor/bacterial_panicle_blight/108920.jpg,bacterial_panicle_blight,
http://www.semanticweb.org/arifu/ontologies/2026/3/riceMMKG#PaddyDoctor_bacterial_panicle_blight_104636,Data/PaddyDoctor/bacterial_panicle_blight/104636.jpg,bacterial_panicle_blight,
http://www.semanticweb.org/arifu/ontologies/2026/3/riceMMKG#PaddyDoctor_bacterial_panicle_blight_102548,Data/PaddyDoctor/bacterial_panicle_blight/102548.jpg,bacterial_panicle_blight,
http://www.semanticweb.org/arifu/ontologies/2026/3/riceMMKG#PaddyDoctor_bacterial_panicle_blight_109434,Data/PaddyDoctor/bacterial_panicle_blight/109434.jpg,bacterial_panicle_blight,
http://www.semanticweb.org/arifu/ontologies/2026/3/riceMMKG#PaddyDoctor_bacterial_panicle_blight_105013,Data/PaddyDoctor/bacterial_panicle_blight/105013.jpg,bacterial_panicle_blight,
http://www.semanticweb.org/arifu/ontologies/2026/3/riceMMKG#PaddyDoctor_bacterial_panicle_blight_102477,Data/PaddyDoctor/bacterial_panicle_blight/102477.jpg,bacterial_panicle_blight,
http://www.semanticweb.org/arifu/ontologies/2026/3/riceMMKG#PaddyDoctor_bacterial_panicle_blight_105083,Data/PaddyDoctor/bacterial_panicle_blight/105083.jpg,bacterial_panicle_blight,
http://www.semanticweb.org/arifu/ontologies/2026/3/riceMMKG#PaddyDoctor_bacterial_panicle_blight_100254,Data/PaddyDoctor/bacterial_panicle_blight/100254.jpg,bacterial_panicle_blight,
http://www.semanticweb.org/arifu/ontologies/2026/3/riceMMKG#PaddyDoctor_bacterial_panicle_blight_106056,Data/PaddyDoctor/bacterial_panicle_blight/106056.jpg,bacterial_panicle_blight,
http://www.semanticweb.org/arifu/ontologies/2026/3/riceMMKG#PaddyDoctor_bacterial_panicle_blight_104815,Data/PaddyDoctor/bacterial_panicle_blight/104815.jpg,bacterial_panicle_blight,
http://www.semanticweb.org/arifu/ontologies/2026/3/riceMMKG#PaddyDoctor_bacterial_panicle_blight_101934,Data/PaddyDoctor/bacterial_panicle_blight/101934.jpg,bacterial_panicle_blight,
http://www.semanticweb.org/arifu/ontologies/2026/3/riceMMKG#PaddyDoctor_bacterial_panicle_blight_104216,Data/PaddyDoctor/bacterial_panicle_blight/104216.jpg,bacterial_panicle_blight,
http://www.semanticweb.org/arifu/ontologies/2026/3/riceMMKG#PaddyDoctor_bacterial_panicle_blight_108172,Data/PaddyDoctor/bacterial_panicle_blight/108172.jpg,bacterial_panicle_blight,
http://www.semanticweb.org/arifu/ontologies/2026/3/riceMMKG#PaddyDoctor_bacterial_panicle_blight_100610,Data/PaddyDoctor/bacterial_panicle_blight/100610.jpg,bacterial_panicle_blight,
http://www.semanticweb.org/arifu/ontologies/2026/3/riceMMKG#PaddyDoctor_bacterial_panicle_blight_105004,Data/PaddyDoctor/bacterial_panicle_blight/105004.jpg,bacterial_panicle_blight,
http://www.semanticweb.org/arifu/ontologies/2026/3/riceMMKG#PaddyDoctor_bacterial_panicle_blight_103992,Data/PaddyDoctor/bacterial_panicle_blight/103992.jpg,bacterial_panicle_blight,
http://www.semanticweb.org/arifu/ontologies/2026/3/riceMMKG#PaddyDoctor_bacterial_panicle_blight_101873,Data/PaddyDoctor/bacterial_panicle_blight/101873.jpg,bacterial_panicle_blight,
http://www.semanticweb.org/arifu/ontologies/2026/3/riceMMKG#PaddyDoctor_bacterial_panicle_blight_103368,Data/PaddyDoctor/bacterial_panicle_blight/103368.jpg,bacterial_panicle_blight,
http://www.semanticweb.org/arifu/ontologies/2026/3/riceMMKG#PaddyDoctor_bacterial_panicle_blight_102215,Data/PaddyDoctor/bacterial_panicle_blight/102215.jpg,bacterial_panicle_blight,
http://www.semanticweb.org/arifu/ontologies/2026/3/riceMMKG#PaddyDoctor_bacterial_panicle_blight_105555,Data/PaddyDoctor/bacterial_panicle_blight/105555.jpg,bacterial_panicle_blight,
http://www.semanticweb.org/arifu/ontologies/2026/3/riceMMKG#PaddyDoctor_bacterial_panicle_blight_101964,Data/PaddyDoctor/bacterial_panicle_blight/101964.jpg,bacterial_panicle_blight,
http://www.semanticweb.org/arifu/ontologies/2026/3/riceMMKG#PaddyDoctor_bacterial_panicle_blight_107662,Data/PaddyDoctor/bacterial_panicle_blight/107662.jpg,bacterial_panicle_blight,
http://www.semanticweb.org/arifu/ontologies/2026/3/riceMMKG#PaddyDoctor_bacterial_panicle_blight_104029,Data/PaddyDoctor/bacterial_panicle_blight/104029.jpg,bacterial_panicle_blight,
http://www.semanticweb.org/arifu/ontologies/2026/3/riceMMKG#PaddyDoctor_bacterial_panicle_blight_103733,Data/PaddyDoctor/bacterial_panicle_blight/103733.jpg,bacterial_panicle_blight,
http://www.semanticweb.org/arifu/ontologies/2026/3/riceMMKG#PaddyDoctor_blast_102102,Data/PaddyDoctor/blast/102102.jpg,blast,
http://www.semanticweb.org/arifu/ontologies/2026/3/riceMMKG#PaddyDoctor_blast_101637,Data/PaddyDoctor/blast/101637.jpg,blast,
http://www.semanticweb.org/arifu/ontologies/2026/3/riceMMKG#PaddyDoctor_blast_103238,Data/PaddyDoctor/blast/103238.jpg,blast,
http://www.semanticweb.org/arifu/ontologies/2026/3/riceMMKG#PaddyDoctor_blast_109658,Data/PaddyDoctor/blast/109658.jpg,blast,
http://www.semanticweb.org/arifu/ontologies/2026/3/riceMMKG#PaddyDoctor_blast_109171,Data/PaddyDoctor/blast/109171.jpg,blast,
http://www.semanticweb.org/arifu/ontologies/2026/3/riceMMKG#PaddyDoctor_blast_106069,Data/PaddyDoctor/blast/106069.jpg,blast,
http://www.semanticweb.org/arifu/ontologies/2026/3/riceMMKG#PaddyDoctor_blast_102919,Data/PaddyDoctor/blast/102919.jpg,blast,
http://www.semanticweb.org/arifu/ontologies/2026/3/riceMMKG#PaddyDoctor_blast_109649,Data/PaddyDoctor/blast/109649.jpg,blast,
http://www.semanticweb.org/arifu/ontologies/2026/3/riceMMKG#PaddyDoctor_blast_109103,Data/PaddyDoctor/blast/109103.jpg,blast,
http://www.semanticweb.org/arifu/ontologies/2026/3/riceMMKG#PaddyDoctor_blast_107245,Data/PaddyDoctor/blast/107245.jpg,blast,
http://www.semanticweb.org/arifu/ontologies/2026/3/riceMMKG#PaddyDoctor_blast_109951,Data/PaddyDoctor/blast/109951.jpg,blast,
http://www.semanticweb.org/arifu/ontologies/2026/3/riceMMKG#PaddyDoctor_blast_105717,Data/PaddyDoctor/blast/105717.jpg,blast,
http://www.semanticweb.org/arifu/ontologies/2026/3/riceMMKG#PaddyDoctor_blast_108941,Data/PaddyDoctor/blast/108941.jpg,blast,
http://www.semanticweb.org/arifu/ontologies/2026/3/riceMMKG#PaddyDoctor_blast_103548,Data/PaddyDoctor/blast/103548.jpg,blast,
http://www.semanticweb.org/arifu/ontologies/2026/3/riceMMKG#PaddyDoctor_blast_100573,Data/PaddyDoctor/blast/100573.jpg,blast,
http://www.semanticweb.org/arifu/ontologies/2026/3/riceMMKG#PaddyDoctor_blast_108217,Data/PaddyDoctor/blast/108217.jpg,blast,
http://www.semanticweb.org/arifu/ontologies/2026/3/riceMMKG#PaddyDoctor_blast_104578,Data/PaddyDoctor/blast/104578.jpg,blast,
http://www.semanticweb.org/arifu/ontologies/2026/3/riceMMKG#PaddyDoctor_blast_102885,Data/PaddyDoctor/blast/102885.jpg,blast,
http://www.semanticweb.org/arifu/ontologies/2026/3/riceMMKG#PaddyDoctor_blast_104547,Data/PaddyDoctor/blast/104547.jpg,blast,
http://www.semanticweb.org/arifu/ontologies/2026/3/riceMMKG#PaddyDoctor_blast_107802,Data/PaddyDoctor/blast/107802.jpg,blast,
http://www.semanticweb.org/arifu/ontologies/2026/3/riceMMKG#PaddyDoctor_blast_102070,Data/PaddyDoctor/blast/102070.jpg,blast,
http://www.semanticweb.org/arifu/ontologies/2026/3/riceMMKG#PaddyDoctor_blast_102124,Data/PaddyDoctor/blast/102124.jpg,blast,
http://www.semanticweb.org/arifu/ontologies/2026/3/riceMMKG#PaddyDoctor_blast_101075,Data/PaddyDoctor/blast/101075.jpg,blast,
http://www.semanticweb.org/arifu/ontologies/2026/3/riceMMKG#PaddyDoctor_blast_104144,Data/PaddyDoctor/blast/104144.jpg,blast,
http://www.semanticweb.org/arifu/ontologies/2026/3/riceMMKG#PaddyDoctor_blast_109913,Data/PaddyDoctor/blast/109913.jpg,blast,
http://www.semanticweb.org/arifu/ontologies/2026/3/riceMMKG#PaddyDoctor_brown_spot_106314,Data/PaddyDoctor/brown_spot/106314.jpg,brown_spot,
http://www.semanticweb.org/arifu/ontologies/2026/3/riceMMKG#PaddyDoctor_brown_spot_105763,Data/PaddyDoctor/brown_spot/105763.jpg,brown_spot,
http://www.semanticweb.org/arifu/ontologies/2026/3/riceMMKG#PaddyDoctor_brown_spot_100001,Data/PaddyDoctor/brown_spot/100001.jpg,brown_spot,
http://www.semanticweb.org/arifu/ontologies/2026/3/riceMMKG#PaddyDoctor_brown_spot_103456,Data/PaddyDoctor/brown_spot/103456.jpg,brown_spot,
http://www.semanticweb.org/arifu/ontologies/2026/3/riceMMKG#PaddyDoctor_brown_spot_101879,Data/PaddyDoctor/brown_spot/101879.jpg,brown_spot,
http://www.semanticweb.org/arifu/ontologies/2026/3/riceMMKG#PaddyDoctor_brown_spot_109596,Data/PaddyDoctor/brown_spot/109596.jpg,brown_spot,
http://www.semanticweb.org/arifu/ontologies/2026/3/riceMMKG#PaddyDoctor_brown_spot_102030,Data/PaddyDoctor/brown_spot/102030.jpg,brown_spot,
http://www.semanticweb.org/arifu/ontologies/2026/3/riceMMKG#PaddyDoctor_brown_spot_107137,Data/PaddyDoctor/brown_spot/107137.jpg,brown_spot,
http://www.semanticweb.org/arifu/ontologies/2026/3/riceMMKG#PaddyDoctor_brown_spot_104519,Data/PaddyDoctor/brown_spot/104519.jpg,brown_spot,
http://www.semanticweb.org/arifu/ontologies/2026/3/riceMMKG#PaddyDoctor_brown_spot_110163,Data/PaddyDoctor/brown_spot/110163.jpg,brown_spot,
http://www.semanticweb.org/arifu/ontologies/2026/3/riceMMKG#PaddyDoctor_brown_spot_105464,Data/PaddyDoctor/brown_spot/105464.jpg,brown_spot,
http://www.semanticweb.org/arifu/ontologies/2026/3/riceMMKG#PaddyDoctor_brown_spot_107733,Data/PaddyDoctor/brown_spot/107733.jpg,brown_spot,
http://www.semanticweb.org/arifu/ontologies/2026/3/riceMMKG#PaddyDoctor_brown_spot_100656,Data/PaddyDoctor/brown_spot/100656.jpg,brown_spot,
http://www.semanticweb.org/arifu/ontologies/2026/3/riceMMKG#PaddyDoctor_brown_spot_102489,Data/PaddyDoctor/brown_spot/102489.jpg,brown_spot,
http://www.semanticweb.org/arifu/ontologies/2026/3/riceMMKG#PaddyDoctor_brown_spot_106045,Data/PaddyDoctor/brown_spot/106045.jpg,brown_spot,
http://www.semanticweb.org/arifu/ontologies/2026/3/riceMMKG#PaddyDoctor_brown_spot_108546,Data/PaddyDoctor/brown_spot/108546.jpg,brown_spot,
http://www.semanticweb.org/arifu/ontologies/2026/3/riceMMKG#PaddyDoctor_brown_spot_108287,Data/PaddyDoctor/brown_spot/108287.jpg,brown_spot,
http://www.semanticweb.org/arifu/ontologies/2026/3/riceMMKG#PaddyDoctor_brown_spot_101985,Data/PaddyDoctor/brown_spot/101985.jpg,brown_spot,
http://www.semanticweb.org/arifu/ontologies/2026/3/riceMMKG#PaddyDoctor_brown_spot_100820,Data/PaddyDoctor/brown_spot/100820.jpg,brown_spot,
http://www.semanticweb.org/arifu/ontologies/2026/3/riceMMKG#PaddyDoctor_brown_spot_100975,Data/PaddyDoctor/brown_spot/100975.jpg,brown_spot,
http://www.semanticweb.org/arifu/ontologies/2026/3/riceMMKG#PaddyDoctor_brown_spot_100451,Data/PaddyDoctor/brown_spot/100451.jpg,brown_spot,
http://www.semanticweb.org/arifu/ontologies/2026/3/riceMMKG#PaddyDoctor_brown_spot_103476,Data/PaddyDoctor/brown_spot/103476.jpg,brown_spot,
http://www.semanticweb.org/arifu/ontologies/2026/3/riceMMKG#PaddyDoctor_brown_spot_104274,Data/PaddyDoctor/brown_spot/104274.jpg,brown_spot,
http://www.semanticweb.org/arifu/ontologies/2026/3/riceMMKG#PaddyDoctor_brown_spot_105830,Data/PaddyDoctor/brown_spot/105830.jpg,brown_spot,
http://www.semanticweb.org/arifu/ontologies/2026/3/riceMMKG#PaddyDoctor_brown_spot_106547,Data/PaddyDoctor/brown_spot/106547.jpg,brown_spot,
http://www.semanticweb.org/arifu/ontologies/2026/3/riceMMKG#PaddyDoctor_dead_heart_107266,Data/PaddyDoctor/dead_heart/107266.jpg,dead_heart,
http://www.semanticweb.org/arifu/ontologies/2026/3/riceMMKG#PaddyDoctor_dead_heart_108148,Data/PaddyDoctor/dead_heart/108148.jpg,dead_heart,
http://www.semanticweb.org/arifu/ontologies/2026/3/riceMMKG#PaddyDoctor_dead_heart_110134,Data/PaddyDoctor/dead_heart/110134.jpg,dead_heart,
http://www.semanticweb.org/arifu/ontologies/2026/3/riceMMKG#PaddyDoctor_dead_heart_101334,Data/PaddyDoctor/dead_heart/101334.jpg,dead_heart,
http://www.semanticweb.org/arifu/ontologies/2026/3/riceMMKG#PaddyDoctor_dead_heart_108460,Data/PaddyDoctor/dead_heart/108460.jpg,dead_heart,
http://www.semanticweb.org/arifu/ontologies/2026/3/riceMMKG#PaddyDoctor_dead_heart_107232,Data/PaddyDoctor/dead_heart/107232.jpg,dead_heart,
http://www.semanticweb.org/arifu/ontologies/2026/3/riceMMKG#PaddyDoctor_dead_heart_107047,Data/PaddyDoctor/dead_heart/107047.jpg,dead_heart,
http://www.semanticweb.org/arifu/ontologies/2026/3/riceMMKG#PaddyDoctor_dead_heart_101117,Data/PaddyDoctor/dead_heart/101117.jpg,dead_heart,
http://www.semanticweb.org/arifu/ontologies/2026/3/riceMMKG#PaddyDoctor_dead_heart_101415,Data/PaddyDoctor/dead_heart/101415.jpg,dead_heart,
http://www.semanticweb.org/arifu/ontologies/2026/3/riceMMKG#PaddyDoctor_dead_heart_104764,Data/PaddyDoctor/dead_heart/104764.jpg,dead_heart,
http://www.semanticweb.org/arifu/ontologies/2026/3/riceMMKG#PaddyDoctor_dead_heart_102239,Data/PaddyDoctor/dead_heart/102239.jpg,dead_heart,
http://www.semanticweb.org/arifu/ontologies/2026/3/riceMMKG#PaddyDoctor_dead_heart_109238,Data/PaddyDoctor/dead_heart/109238.jpg,dead_heart,
http://www.semanticweb.org/arifu/ontologies/2026/3/riceMMKG#PaddyDoctor_dead_heart_107735,Data/PaddyDoctor/dead_heart/107735.jpg,dead_heart,
http://www.semanticweb.org/arifu/ontologies/2026/3/riceMMKG#PaddyDoctor_dead_heart_108082,Data/PaddyDoctor/dead_heart/108082.jpg,dead_heart,
http://www.semanticweb.org/arifu/ontologies/2026/3/riceMMKG#PaddyDoctor_dead_heart_102460,Data/PaddyDoctor/dead_heart/102460.jpg,dead_heart,
http://www.semanticweb.org/arifu/ontologies/2026/3/riceMMKG#PaddyDoctor_dead_heart_108754,Data/PaddyDoctor/dead_heart/108754.jpg,dead_heart,
http://www.semanticweb.org/arifu/ontologies/2026/3/riceMMKG#PaddyDoctor_dead_heart_101990,Data/PaddyDoctor/dead_heart/101990.jpg,dead_heart,
http://www.semanticweb.org/arifu/ontologies/2026/3/riceMMKG#PaddyDoctor_dead_heart_108446,Data/PaddyDoctor/dead_heart/108446.jpg,dead_heart,
http://www.semanticweb.org/arifu/ontologies/2026/3/riceMMKG#PaddyDoctor_dead_heart_104363,Data/PaddyDoctor/dead_heart/104363.jpg,dead_heart,
http://www.semanticweb.org/arifu/ontologies/2026/3/riceMMKG#PaddyDoctor_dead_heart_105998,Data/PaddyDoctor/dead_heart/105998.jpg,dead_heart,
http://www.semanticweb.org/arifu/ontologies/2026/3/riceMMKG#PaddyDoctor_dead_heart_103732,Data/PaddyDoctor/dead_heart/103732.jpg,dead_heart,
http://www.semanticweb.org/arifu/ontologies/2026/3/riceMMKG#PaddyDoctor_dead_heart_106154,Data/PaddyDoctor/dead_heart/106154.jpg,dead_heart,
http://www.semanticweb.org/arifu/ontologies/2026/3/riceMMKG#PaddyDoctor_dead_heart_108934,Data/PaddyDoctor/dead_heart/108934.jpg,dead_heart,
http://www.semanticweb.org/arifu/ontologies/2026/3/riceMMKG#PaddyDoctor_dead_heart_101725,Data/PaddyDoctor/dead_heart/101725.jpg,dead_heart,
http://www.semanticweb.org/arifu/ontologies/2026/3/riceMMKG#PaddyDoctor_dead_heart_108496,Data/PaddyDoctor/dead_heart/108496.jpg,dead_heart,
http://www.semanticweb.org/arifu/ontologies/2026/3/riceMMKG#PaddyDoctor_downy_mildew_107322,Data/PaddyDoctor/downy_mildew/107322.jpg,downy_mildew,
http://www.semanticweb.org/arifu/ontologies/2026/3/riceMMKG#PaddyDoctor_downy_mildew_105774,Data/PaddyDoctor/downy_mildew/105774.jpg,downy_mildew,
http://www.semanticweb.org/arifu/ontologies/2026/3/riceMMKG#PaddyDoctor_downy_mildew_100724,Data/PaddyDoctor/downy_mildew/100724.jpg,downy_mildew,
http://www.semanticweb.org/arifu/ontologies/2026/3/riceMMKG#PaddyDoctor_downy_mildew_101492,Data/PaddyDoctor/downy_mildew/101492.jpg,downy_mildew,
http://www.semanticweb.org/arifu/ontologies/2026/3/riceMMKG#PaddyDoctor_downy_mildew_107390,Data/PaddyDoctor/downy_mildew/107390.jpg,downy_mildew,
http://www.semanticweb.org/arifu/ontologies/2026/3/riceMMKG#PaddyDoctor_downy_mildew_104190,Data/PaddyDoctor/downy_mildew/104190.jpg,downy_mildew,
http://www.semanticweb.org/arifu/ontologies/2026/3/riceMMKG#PaddyDoctor_downy_mildew_100170,Data/PaddyDoctor/downy_mildew/100170.jpg,downy_mildew,
http://www.semanticweb.org/arifu/ontologies/2026/3/riceMMKG#PaddyDoctor_downy_mildew_110212,Data/PaddyDoctor/downy_mildew/110212.jpg,downy_mildew,
http://www.semanticweb.org/arifu/ontologies/2026/3/riceMMKG#PaddyDoctor_downy_mildew_109014,Data/PaddyDoctor/downy_mildew/109014.jpg,downy_mildew,
http://www.semanticweb.org/arifu/ontologies/2026/3/riceMMKG#PaddyDoctor_downy_mildew_106640,Data/PaddyDoctor/downy_mildew/106640.jpg,downy_mildew,
http://www.semanticweb.org/arifu/ontologies/2026/3/riceMMKG#PaddyDoctor_downy_mildew_109865,Data/PaddyDoctor/downy_mildew/109865.jpg,downy_mildew,
http://www.semanticweb.org/arifu/ontologies/2026/3/riceMMKG#PaddyDoctor_downy_mildew_103994,Data/PaddyDoctor/downy_mildew/103994.jpg,downy_mildew,
http://www.semanticweb.org/arifu/ontologies/2026/3/riceMMKG#PaddyDoctor_downy_mildew_102111,Data/PaddyDoctor/downy_mildew/102111.jpg,downy_mildew,
http://www.semanticweb.org/arifu/ontologies/2026/3/riceMMKG#PaddyDoctor_downy_mildew_100017,Data/PaddyDoctor/downy_mildew/100017.jpg,downy_mildew,
http://www.semanticweb.org/arifu/ontologies/2026/3/riceMMKG#PaddyDoctor_downy_mildew_105919,Data/PaddyDoctor/downy_mildew/105919.jpg,downy_mildew,
http://www.semanticweb.org/arifu/ontologies/2026/3/riceMMKG#PaddyDoctor_downy_mildew_103086,Data/PaddyDoctor/downy_mildew/103086.jpg,downy_mildew,
http://www.semanticweb.org/arifu/ontologies/2026/3/riceMMKG#PaddyDoctor_downy_mildew_105511,Data/PaddyDoctor/downy_mildew/105511.jpg,downy_mildew,
http://www.semanticweb.org/arifu/ontologies/2026/3/riceMMKG#PaddyDoctor_downy_mildew_102851,Data/PaddyDoctor/downy_mildew/102851.jpg,downy_mildew,
http://www.semanticweb.org/arifu/ontologies/2026/3/riceMMKG#PaddyDoctor_downy_mildew_102327,Data/PaddyDoctor/downy_mildew/102327.jpg,downy_mildew,
http://www.semanticweb.org/arifu/ontologies/2026/3/riceMMKG#PaddyDoctor_downy_mildew_106198,Data/PaddyDoctor/downy_mildew/106198.jpg,downy_mildew,
http://www.semanticweb.org/arifu/ontologies/2026/3/riceMMKG#PaddyDoctor_downy_mildew_102551,Data/PaddyDoctor/downy_mildew/102551.jpg,downy_mildew,
http://www.semanticweb.org/arifu/ontologies/2026/3/riceMMKG#PaddyDoctor_downy_mildew_104365,Data/PaddyDoctor/downy_mildew/104365.jpg,downy_mildew,
http://www.semanticweb.org/arifu/ontologies/2026/3/riceMMKG#PaddyDoctor_downy_mildew_103157,Data/PaddyDoctor/downy_mildew/103157.jpg,downy_mildew,
http://www.semanticweb.org/arifu/ontologies/2026/3/riceMMKG#PaddyDoctor_downy_mildew_109411,Data/PaddyDoctor/downy_mildew/109411.jpg,downy_mildew,
http://www.semanticweb.org/arifu/ontologies/2026/3/riceMMKG#PaddyDoctor_downy_mildew_106268,Data/PaddyDoctor/downy_mildew/106268.jpg,downy_mildew,
http://www.semanticweb.org/arifu/ontologies/2026/3/riceMMKG#PaddyDoctor_hispa_106412,Data/PaddyDoctor/hispa/106412.jpg,hispa,
http://www.semanticweb.org/arifu/ontologies/2026/3/riceMMKG#PaddyDoctor_hispa_108421,Data/PaddyDoctor/hispa/108421.jpg,hispa,
http://www.semanticweb.org/arifu/ontologies/2026/3/riceMMKG#PaddyDoctor_hispa_106634,Data/PaddyDoctor/hispa/106634.jpg,hispa,
http://www.semanticweb.org/arifu/ontologies/2026/3/riceMMKG#PaddyDoctor_hispa_102512,Data/PaddyDoctor/hispa/102512.jpg,hispa,
http://www.semanticweb.org/arifu/ontologies/2026/3/riceMMKG#PaddyDoctor_hispa_105689,Data/PaddyDoctor/hispa/105689.jpg,hispa,
http://www.semanticweb.org/arifu/ontologies/2026/3/riceMMKG#PaddyDoctor_hispa_101924,Data/PaddyDoctor/hispa/101924.jpg,hispa,
http://www.semanticweb.org/arifu/ontologies/2026/3/riceMMKG#PaddyDoctor_hispa_103274,Data/PaddyDoctor/hispa/103274.jpg,hispa,
http://www.semanticweb.org/arifu/ontologies/2026/3/riceMMKG#PaddyDoctor_hispa_108026,Data/PaddyDoctor/hispa/108026.jpg,hispa,
http://www.semanticweb.org/arifu/ontologies/2026/3/riceMMKG#PaddyDoctor_hispa_109525,Data/PaddyDoctor/hispa/109525.jpg,hispa,
http://www.semanticweb.org/arifu/ontologies/2026/3/riceMMKG#PaddyDoctor_hispa_105512,Data/PaddyDoctor/hispa/105512.jpg,hispa,
http://www.semanticweb.org/arifu/ontologies/2026/3/riceMMKG#PaddyDoctor_hispa_102597,Data/PaddyDoctor/hispa/102597.jpg,hispa,
http://www.semanticweb.org/arifu/ontologies/2026/3/riceMMKG#PaddyDoctor_hispa_101748,Data/PaddyDoctor/hispa/101748.jpg,hispa,
http://www.semanticweb.org/arifu/ontologies/2026/3/riceMMKG#PaddyDoctor_hispa_106819,Data/PaddyDoctor/hispa/106819.jpg,hispa,
http://www.semanticweb.org/arifu/ontologies/2026/3/riceMMKG#PaddyDoctor_hispa_108957,Data/PaddyDoctor/hispa/108957.jpg,hispa,
http://www.semanticweb.org/arifu/ontologies/2026/3/riceMMKG#PaddyDoctor_hispa_104525,Data/PaddyDoctor/hispa/104525.jpg,hispa,
http://www.semanticweb.org/arifu/ontologies/2026/3/riceMMKG#PaddyDoctor_hispa_106013,Data/PaddyDoctor/hispa/106013.jpg,hispa,
http://www.semanticweb.org/arifu/ontologies/2026/3/riceMMKG#PaddyDoctor_hispa_101315,Data/PaddyDoctor/hispa/101315.jpg,hispa,
http://www.semanticweb.org/arifu/ontologies/2026/3/riceMMKG#PaddyDoctor_hispa_108288,Data/PaddyDoctor/hispa/108288.jpg,hispa,
http://www.semanticweb.org/arifu/ontologies/2026/3/riceMMKG#PaddyDoctor_hispa_104960,Data/PaddyDoctor/hispa/104960.jpg,hispa,
http://www.semanticweb.org/arifu/ontologies/2026/3/riceMMKG#PaddyDoctor_hispa_104199,Data/PaddyDoctor/hispa/104199.jpg,hispa,
http://www.semanticweb.org/arifu/ontologies/2026/3/riceMMKG#PaddyDoctor_hispa_105379,Data/PaddyDoctor/hispa/105379.jpg,hispa,
http://www.semanticweb.org/arifu/ontologies/2026/3/riceMMKG#PaddyDoctor_hispa_108410,Data/PaddyDoctor/hispa/108410.jpg,hispa,
http://www.semanticweb.org/arifu/ontologies/2026/3/riceMMKG#PaddyDoctor_hispa_107103,Data/PaddyDoctor/hispa/107103.jpg,hispa,
http://www.semanticweb.org/arifu/ontologies/2026/3/riceMMKG#PaddyDoctor_hispa_106501,Data/PaddyDoctor/hispa/106501.jpg,hispa,
http://www.semanticweb.org/arifu/ontologies/2026/3/riceMMKG#PaddyDoctor_hispa_105838,Data/PaddyDoctor/hispa/105838.jpg,hispa,
http://www.semanticweb.org/arifu/ontologies/2026/3/riceMMKG#PaddyDoctor_normal_108285,Data/PaddyDoctor/normal/108285.jpg,normal,
http://www.semanticweb.org/arifu/ontologies/2026/3/riceMMKG#PaddyDoctor_normal_106136,Data/PaddyDoctor/normal/106136.jpg,normal,
http://www.semanticweb.org/arifu/ontologies/2026/3/riceMMKG#PaddyDoctor_normal_103134,Data/PaddyDoctor/normal/103134.jpg,normal,
http://www.semanticweb.org/arifu/ontologies/2026/3/riceMMKG#PaddyDoctor_normal_106563,Data/PaddyDoctor/normal/106563.jpg,normal,
http://www.semanticweb.org/arifu/ontologies/2026/3/riceMMKG#PaddyDoctor_normal_106220,Data/PaddyDoctor/normal/106220.jpg,normal,
http://www.semanticweb.org/arifu/ontologies/2026/3/riceMMKG#PaddyDoctor_normal_102410,Data/PaddyDoctor/normal/102410.jpg,normal,
http://www.semanticweb.org/arifu/ontologies/2026/3/riceMMKG#PaddyDoctor_normal_107838,Data/PaddyDoctor/normal/107838.jpg,normal,
http://www.semanticweb.org/arifu/ontologies/2026/3/riceMMKG#PaddyDoctor_normal_100002,Data/PaddyDoctor/normal/100002.jpg,normal,
http://www.semanticweb.org/arifu/ontologies/2026/3/riceMMKG#PaddyDoctor_normal_108444,Data/PaddyDoctor/normal/108444.jpg,normal,
http://www.semanticweb.org/arifu/ontologies/2026/3/riceMMKG#PaddyDoctor_normal_101695,Data/PaddyDoctor/normal/101695.jpg,normal,
http://www.semanticweb.org/arifu/ontologies/2026/3/riceMMKG#PaddyDoctor_normal_102293,Data/PaddyDoctor/normal/102293.jpg,normal,
http://www.semanticweb.org/arifu/ontologies/2026/3/riceMMKG#PaddyDoctor_normal_105660,Data/PaddyDoctor/normal/105660.jpg,normal,
http://www.semanticweb.org/arifu/ontologies/2026/3/riceMMKG#PaddyDoctor_normal_108284,Data/PaddyDoctor/normal/108284.jpg,normal,
http://www.semanticweb.org/arifu/ontologies/2026/3/riceMMKG#PaddyDoctor_normal_108607,Data/PaddyDoctor/normal/108607.jpg,normal,
http://www.semanticweb.org/arifu/ontologies/2026/3/riceMMKG#PaddyDoctor_normal_107175,Data/PaddyDoctor/normal/107175.jpg,normal,
http://www.semanticweb.org/arifu/ontologies/2026/3/riceMMKG#PaddyDoctor_normal_100696,Data/PaddyDoctor/normal/100696.jpg,normal,
http://www.semanticweb.org/arifu/ontologies/2026/3/riceMMKG#PaddyDoctor_normal_104879,Data/PaddyDoctor/normal/104879.jpg,normal,
http://www.semanticweb.org/arifu/ontologies/2026/3/riceMMKG#PaddyDoctor_normal_102194,Data/PaddyDoctor/normal/102194.jpg,normal,
http://www.semanticweb.org/arifu/ontologies/2026/3/riceMMKG#PaddyDoctor_normal_101999,Data/PaddyDoctor/normal/101999.jpg,normal,
http://www.semanticweb.org/arifu/ontologies/2026/3/riceMMKG#PaddyDoctor_normal_109383,Data/PaddyDoctor/normal/109383.jpg,normal,
http://www.semanticweb.org/arifu/ontologies/2026/3/riceMMKG#PaddyDoctor_normal_106852,Data/PaddyDoctor/normal/106852.jpg,normal,
http://www.semanticweb.org/arifu/ontologies/2026/3/riceMMKG#PaddyDoctor_normal_102357,Data/PaddyDoctor/normal/102357.jpg,normal,
http://www.semanticweb.org/arifu/ontologies/2026/3/riceMMKG#PaddyDoctor_normal_108438,Data/PaddyDoctor/normal/108438.jpg,normal,
http://www.semanticweb.org/arifu/ontologies/2026/3/riceMMKG#PaddyDoctor_normal_106978,Data/PaddyDoctor/normal/106978.jpg,normal,
http://www.semanticweb.org/arifu/ontologies/2026/3/riceMMKG#PaddyDoctor_normal_103304,Data/PaddyDoctor/normal/103304.jpg,normal,
http://www.semanticweb.org/arifu/ontologies/2026/3/riceMMKG#PaddyDoctor_tungro_106799,Data/PaddyDoctor/tungro/106799.jpg,tungro,
http://www.semanticweb.org/arifu/ontologies/2026/3/riceMMKG#PaddyDoctor_tungro_103091,Data/PaddyDoctor/tungro/103091.jpg,tungro,
http://www.semanticweb.org/arifu/ontologies/2026/3/riceMMKG#PaddyDoctor_tungro_109073,Data/PaddyDoctor/tungro/109073.jpg,tungro,
http://www.semanticweb.org/arifu/ontologies/2026/3/riceMMKG#PaddyDoctor_tungro_109431,Data/PaddyDoctor/tungro/109431.jpg,tungro,
http://www.semanticweb.org/arifu/ontologies/2026/3/riceMMKG#PaddyDoctor_tungro_101242,Data/PaddyDoctor/tungro/101242.jpg,tungro,
http://www.semanticweb.org/arifu/ontologies/2026/3/riceMMKG#PaddyDoctor_tungro_101517,Data/PaddyDoctor/tungro/101517.jpg,tungro,
http://www.semanticweb.org/arifu/ontologies/2026/3/riceMMKG#PaddyDoctor_tungro_102024,Data/PaddyDoctor/tungro/102024.jpg,tungro,
http://www.semanticweb.org/arifu/ontologies/2026/3/riceMMKG#PaddyDoctor_tungro_101243,Data/PaddyDoctor/tungro/101243.jpg,tungro,
http://www.semanticweb.org/arifu/ontologies/2026/3/riceMMKG#PaddyDoctor_tungro_105615,Data/PaddyDoctor/tungro/105615.jpg,tungro,
http://www.semanticweb.org/arifu/ontologies/2026/3/riceMMKG#PaddyDoctor_tungro_101763,Data/PaddyDoctor/tungro/101763.jpg,tungro,
http://www.semanticweb.org/arifu/ontologies/2026/3/riceMMKG#PaddyDoctor_tungro_107034,Data/PaddyDoctor/tungro/107034.jpg,tungro,
http://www.semanticweb.org/arifu/ontologies/2026/3/riceMMKG#PaddyDoctor_tungro_102982,Data/PaddyDoctor/tungro/102982.jpg,tungro,
http://www.semanticweb.org/arifu/ontologies/2026/3/riceMMKG#PaddyDoctor_tungro_103561,Data/PaddyDoctor/tungro/103561.jpg,tungro,
http://www.semanticweb.org/arifu/ontologies/2026/3/riceMMKG#PaddyDoctor_tungro_105818,Data/PaddyDoctor/tungro/105818.jpg,tungro,
http://www.semanticweb.org/arifu/ontologies/2026/3/riceMMKG#PaddyDoctor_tungro_105514,Data/PaddyDoctor/tungro/105514.jpg,tungro,
http://www.semanticweb.org/arifu/ontologies/2026/3/riceMMKG#PaddyDoctor_tungro_103795,Data/PaddyDoctor/tungro/103795.jpg,tungro,
http://www.semanticweb.org/arifu/ontologies/2026/3/riceMMKG#PaddyDoctor_tungro_106788,Data/PaddyDoctor/tungro/106788.jpg,tungro,
http://www.semanticweb.org/arifu/ontologies/2026/3/riceMMKG#PaddyDoctor_tungro_108283,Data/PaddyDoctor/tungro/108283.jpg,tungro,
http://www.semanticweb.org/arifu/ontologies/2026/3/riceMMKG#PaddyDoctor_tungro_102523,Data/PaddyDoctor/tungro/102523.jpg,tungro,
http://www.semanticweb.org/arifu/ontologies/2026/3/riceMMKG#PaddyDoctor_tungro_104016,Data/PaddyDoctor/tungro/104016.jpg,tungro,
http://www.semanticweb.org/arifu/ontologies/2026/3/riceMMKG#PaddyDoctor_tungro_104491,Data/PaddyDoctor/tungro/104491.jpg,tungro,
http://www.semanticweb.org/arifu/ontologies/2026/3/riceMMKG#PaddyDoctor_tungro_109936,Data/PaddyDoctor/tungro/109936.jpg,tungro,
http://www.semanticweb.org/arifu/ontologies/2026/3/riceMMKG#PaddyDoctor_tungro_107404,Data/PaddyDoctor/tungro/107404.jpg,tungro,
http://www.semanticweb.org/arifu/ontologies/2026/3/riceMMKG#PaddyDoctor_tungro_106879,Data/PaddyDoctor/tungro/106879.jpg,tungro,
http://www.semanticweb.org/arifu/ontologies/2026/3/riceMMKG#PaddyDoctor_tungro_100682,Data/PaddyDoctor/tungro/100682.jpg,tungro,
