item_no,expert_id,relevance_1_5,clarity_1_5,comment
1,E1,1,1,"Perlu langsung menyebut nama gejala yang lebih pas dan digunakan secara massal, yakni Bacterial Leaf Streak atau penyakit Kresek. perlu juga disebutkan patogen penyebabnya: Xanthomonas oryzae pv. oryzae/ pv. oryzicola"
2,E1,4,4,
3,E1,5,2,Perlu dijelaskan terkait bagian tanaman yang dimaksud. terlalu luas jika disebutkan satu tanaman
4,E1,4,4,
5,E1,5,5,
6,E1,5,2,"Perlu penyesuaian kejelasan nama gejala, nama gejala yang benar: Rice Sheath Blight dan juga perlu disebutkan nama patogennya: Rhizoctonia solani"
7,E1,5,2,"Vektor berarti act of subject. lebih baik pertanyaan menjadi Spesies Virus apa yang menularkan Penyakit Rice Tungro, dan tidak perlu menyebut metode penularan karena kurang relevan"
8,E1,5,5,
9,E1,5,5,
10,E1,3,3,lebih baik langung menggunakan nama latin: Dicladispa armigera.
11,E1,5,4,Nama Gejala Popular dan Benar : Rice Sheath Blight
12,E1,5,5,
13,E1,5,5,
14,E1,5,5,
15,E1,4,2,"Perlu membuat satu level, Jika menyebut Hama = Patogen, Jika Menyebut Gejala (untuk Penyakit) = Serangan (Untuk Hama). Juga perlu memperbaiki nama gejala popular = bercak cokelat (brown spot)"
16,E1,5,5,
17,E1,5,5,
18,E1,5,5,
19,E1,5,5,
20,E1,3,2,Mungkin Lebih cocok dan relevan jika pertanyaan dikautkan dengan severity atau keparahan penyakit
21,E1,5,5,
22,E1,4,4,
23,E1,5,5,
24,E1,5,5,
25,E1,5,5,
